Water Color and Algae,,,,Flow Conditions,,Time and Date,,,,,,,,
Pond Name,,Water Color,% Algae and cover type,Flow (sec/L),Water Conditions,Time,Date,"Note: SS=Surface Scum, FS=Floating Strands, SP=Spilled Paint",,,,,,
Lot 60,Sampling Area,Turbid Brown,Duckweed (40%),N/A,Still Water,8:45 AM,6/6/23,,,,,,,
Lot 60,Inlet,Turbid Brown,SS (60%) FS (5%),,,8:45 AM,6/6/23,,,,,,,
Lot 60,Outlet,Turbid Brown,0%,,,8:45 AM,6/6/23,,,,,,,
Hospital Pond,Sampling Area,Clear Water,SS (15%),N/A,Still Water,9:17 AM,6/6/23,,,,,,,
Hospital Pond,Inlet,Clear Water,SS (30%) FS (5%),,,9:17 AM,6/6/23,,,,,,,
Hospital Pond,Outlet,Clear Water,SS (10%) FS (5%),,,9:17 AM,6/6/23,,,,,,,
Garner Park,Sampling Area,Turbid Brown,0%,N/A,No Water,10:02 AM,6/6/23,,,,,,,
Garner Park,Inlet,Turbid Brown,0%,,,10:02 AM,6/6/23,,,,,,,
Garner Park,Outlet,Turbid Brown,0%,,,10:02 AM,6/6/23,,,,,,,
Dobson A7,Sampling Area,Turbid Brown,0%,N/A,No Water,10:37 AM,6/6/23,,,,,,,
Dobson A7,Inlet,Turbid Brown,0%,,,10:37 AM,6/6/23,,,,,,,
Dobson A7,Outlet,Turbid Brown,0%,,,10:37 AM,6/6/23,,,,,,,
Owen Park,Sampling Area,Turbid Brown,Lilypads (15%),N/A,No Water,11:20 AM,6/6/23,,,,,,,
Owen Park,Inlet,Turbid Brown,Lilypads (10%),,,11:20 AM,6/6/23,,,,,,,
Owen Park,Outlet,Turbid Brown,0%,,,11:20 AM,6/6/23,,,,,,,
High Point Church,Sampling Area,Turbid Brown,0%,N/A,Still Water,11:56 AM,6/6/23,,,,,,,
High Point Church,Inlet,Turbid Brown,SS (60%),,,11:56 AM,6/6/23,,,,,,,
High Point Church,Outlet,Clear Water,Duckweed (80%),,,11:56 AM,6/6/23,,,,,,,
Dobson A8,Sampling Area,Turbid Brown,SS (40%) Duckweed (40%),N/A,No Water,12:52 AM,6/6/23,,,,,,,
Dobson A8,Inlet,Turbid Brown,Aquatic Plants (15%) SS (20%),,,12:52 AM,6/6/23,,,,,,,
Dobson A8,Outlet,Turbid Brown,SS (80%),,,12:52 AM,6/6/23,,,,,,,
Midtown Park,Sampling Area,Turbid Brown,SS (80%),N/A,Still Water,1:22 PM,6/6/23,,,,,,,
Midtown Park,Inlet,Clear Water,0%,,,1:22 PM,6/6/23,,,,,,,
Midtown Park,Outlet,Turbid Brown,0%,,,1:22 PM,6/6/23,,,,,,,
Elver Park ,Sampling Area,Turbid Brown,Aquatic Plants (20%),N/A,Still Water,2:03 PM,6/6/23,,,,,,,
Elver Park ,Inlet,Clear Water,Aquatic Plants (20%),,,2:03 PM,6/6/23,,,,,,,
Elver Park ,Outlet,Clear Water,SS (10%) Aquatic Plants (40%),,,2:03 PM,6/6/23,,,,,,,
Two Fountains,Sampling Area,Turbid Brown,SS (85%),N/A,Still Water,2:34 PM,6/6/23,,,,,,,
Two Fountains,Inlet,Turbid Brown,SS (10%),,,2:34 PM,6/6/23,,,,,,,
Two Fountains,Outlet,Turbid Green,SS (5%),,,2:34 PM,6/6/23,,,,,,,
Greentree Park,Sampling Area,Turbid Brown,SS(50%),N/A,Still Water,3:19 PM,6/6/23,,,,,,,
Greentree Park,Inlet,Turbid Brown,Aquatic Plants (40%),,,3:19 PM,6/6/23,,,,,,,
Greentree Park,Outlet,Turbid Brown,SS (30%),,,3:19 PM,6/6/23,,,,,,,
Marion-Dunn,Sampling Area,Turbid Brown,SS (15%),N/A,Still Water,8:34 AM,6/7/23,,,,,,,
Marion-Dunn,Inlet,Turbid Brown,SS (5%),,,8:34 AM,6/7/23,,,,,,,
Marion-Dunn,Outlet,Turbid Brown,0%,,,8:34 AM,6/7/23,,,,,,,
Manitou Pond,Sampling Area,Turbid Brown,0%,10 sec/L,Flowing Water,9:19 AM,6/7/23,,,,,,,
Manitou Pond,Inlet,Turbid Brown,SS (2%),,,9:19 AM,6/7/23,,,,,,,
Manitou Pond,Outlet,Turbid Green,SS (5%) SP (70%),,,9:19 AM,6/7/23,,,,,,,
Mad City ,Sampling Area,Turbid Brown,SS (15%) SP (85%),N/A,No Water,10:11 AM,6/7/23,,,,,,,
Mad City ,Inlet,Turbid Brown,SS (15%) SP (60%),,,10:11 AM,6/7/23,,,,,,,
Mad City ,Outlet,Turbid Brown,SS (85%),,,10:11 AM,6/7/23,,,,,,,
Baxter Park,Sampling Area,Turbid Brown,Duckweed (95%),N/A,Still Water ,10:44 AM,6/7/23,,,,,,,
Baxter Park,Inlet,N/A,N/A,,,10:44 AM,6/7/23,,,,,,,
Baxter Park,Outlet,Turbid Brown,SS (5%),,,10:44 AM,6/7/23,,,,,,,
Dobson A22,Sampling Area,Turbid Brown,SS (90%),N/A, No Water,11:40 AM,6/7/23,,,,,,,
Dobson A22,Inlet,N/A,N/A,,,11:40 AM,6/7/23,,,,,,,
Dobson A22,Outlet,N/A,N/A,,,11:40 AM,6/7/23,,,,,,,
Dobson A5,Sampling Area,Turbid Brown,0%,15 sec/L,Flowing Water,12:10 PM,6/7/23,,,,,,,
Dobson A5,Inlet,Turbid Brown,FS (60%),,,12:10 PM,6/7/23,,,,,,,
Dobson A5,Outlet,Turbid Brown,0%,,,12:10 PM,6/7/23,,,,,,,
Dobson A4,Sampling Area,Turbid Green,Aquatic Plants (15%),N/A,Still Water,1:14 PM,6/7/23,,,,,,,
Dobson A4,Inlet,Turbid Brown,0%,,,1:14 PM,6/7/23,,,,,,,
Dobson A4,Outlet,Turbid Brown,Aquatic Plants (60%),,,1:14 PM,6/7/23,,,,,,,
Door Creek,Sampling Area,Turbid Brown,SS (70%) Duckweed (30%),N/A,Still Water,1:32 PM,6/7/23,,,,,,,
Door Creek,Inlet,Turbid Brown,SS (70%),,,1:32 PM,6/7/23,,,,,,,
Door Creek,Outlet,Turbid Brown,SS (50%) Duckweed (30%),,,1:32 PM,6/7/23,,,,,,,
Commerical Ave,Sampling Area,Turbid Brown,0%,N/A,Still Water,2:10 PM,6/7/23,,,,,,,
Commerical Ave,Inlet,Turbid Brown,0%,,,2:10 PM,6/7/23,,,,,,,
Commerical Ave,Outlet,Turbid Brown,0%,,,2:10 PM,6/7/23,,,,,,,
Pond Name,,Water Color,% Algae and cover type,Flow (sec/L),Water Conditions,Time,Date,,,,,,,
Lot 60,Sampling Area,Turbid Brown,Duckweed (70%),N/A,Still Water,7:39 AM,6/26/23,,,,,,,
Lot 60,Inlet,N/A,N/A,,,7:39 AM,6/26/23,,,,,,,
Lot 60,Outlet,Turbid Brown,0%,,,7:39 AM,6/26/23,,,,,,,
Hospital Pond,Sampling Area,Clear Water,Duckweed (10%),N/A,Still Water,8:22 AM,6/26/23,,,,,,,
Hospital Pond,Inlet,N/A,N/A,,,8:22 AM,6/26/23,,,,,,,
Hospital Pond,Outlet,Turbid Brown,SS (10%),,,8:22 AM,6/26/23,,,,,,,
Garner Park,Sampling Area,Turbid Brown,SS (20%),N/A,Still Water,9:25 AM,6/26/23,,,,,,,
Garner Park,Inlet,N/A,N/A,,,9:25 AM,6/26/23,,,,,,,
Garner Park,Outlet,Turbid Brown,0%,,,9:25 AM,6/26/23,,,,,,,
Dobson A7,Sampling Area,Turbid Brown,0%,5 sec/L,Flowing Water,9:56 AM,6/26/23,,,,,,,
Dobson A7,Inlet,N/A,N/A,,,9:56 AM,6/26/23,,,,,,,
Dobson A7,Outlet,Turbid Brown,0%,,,9:56 AM,6/26/23,,,,,,,
Owen Park,Sampling Area,Turbid Brown,Lilypads (60%),N/A,No Water,10:20 AM,6/26/23,,,,,,,
Owen Park,Inlet,N/A,N/A,,,10:20 AM,6/26/23,,,,,,,
Owen Park,Outlet,N/A (dry),N/A (dry),,,10:20 AM,6/26/23,,,,,,,
High Point Church,Sampling Area,Turbid Brown,0%,N/A,Still Water ,11:00 AM,6/26/23,,,,,,,
High Point Church,Inlet,N/A,N/A,,,11:00 AM,6/26/23,,,,,,,
High Point Church,Outlet,Turbid Brown,Duckweed (20%) SP (80%),,,11:00 AM,6/26/23,,,,,,,
Dobson A8,Sampling Area,Turbid Brown,Aquatic Plants (70%) SS (25%),N/A,No Water,11:33 AM,6/26/23,,,,,,,
Dobson A8,Inlet,N/A,N/A,,,11:33 AM,6/26/23,,,,,,,
Dobson A8,Outlet,N/A (dry),N/A (dry),,,11:33 AM,6/26/23,,,,,,,
Midtown Park,Sampling Area,Turbid Brown,SS (75%),N/A,No Water,11:48 AM,6/26/23,,,,,,,
Midtown Park,Inlet,N/A,N/A,,,11:48 AM,6/26/23,,,,,,,
Midtown Park,Outlet,N/A (dry),N/A (dry),,,11:48 AM,6/26/23,,,,,,,
Elver Park ,Sampling Area,Clear Water,Aquatic Plants (80%),N/A,No Water,12:16 PM,6/26/23,,,,,,,
Elver Park ,Inlet,N/A,N/A,,,12:16 PM,6/26/23,,,,,,,
Elver Park ,Outlet,N/A (dry),N/A (dry),,,12:16 PM,6/26/23,,,,,,,
Two Fountains,Sampling Area,Turbid Brown,0%,N/A,No Water,12:45 PM,6/26/23,,,,,,,
Two Fountains,Inlet,N/A,N/A,,,12:45 PM,6/26/23,,,,,,,
Two Fountains,Outlet,N/A (dry),N/A (dry),,,12:45 PM,6/26/23,,,,,,,
Greentree Park,Sampling Area,Turbid Brown,Aquatic Plants (70%),N/A,Still Water,1:05 PM,6/26/23,,,,,,,
Greentree Park,Inlet,N/A,N/A,,,1:05 PM,6/26/23,,,,,,,
Greentree Park,Outlet,Turbid Brown,Aquatic Plants (10%),,,1:05 PM,6/26/23,,,,,,,
Marion-Dunn,Sampling Area,Turbid Brown,SS (5%),N/A,Still Water,1:53 PM,6/26/23,,,,,,,
Marion-Dunn,Inlet,N/A,N/A,,,1:53 PM,6/26/23,,,,,,,
Marion-Dunn,Outlet,Turbid Brown,SS (20%),,,1:53 PM,6/26/23,,,,,,,
Manitou Pond,Sampling Area,Turbid Brown,Duckweed (5%),5 sec/L,Flowing Water,2:24 PM,6/26/23,,,,,,,
Manitou Pond,Inlet,N/A,N/A,,,2:24 PM,6/26/23,,,,,,,
Manitou Pond,Outlet,Turbid Brown,Duckweed (10%) Aquatic Plants (30%),,,2:24 PM,6/26/23,,,,,,,
Mad City ,Sampling Area,Turbid Brown,0%,N/A,Still Water,3:00 PM,6/26/23,,,,,,,
Mad City ,Inlet,N/A,N/A,,,3:00 PM,6/26/23,,,,,,,
Mad City ,Outlet,Turbid Brown,SS (5%),,,3:00 PM,6/26/23,,,,,,,
Baxter Park,Sampling Area,Turbid Brown,SS (85%),N/A,No Water,3:43 PM,6/26/23,,,,,,,
Baxter Park,Inlet,N/A,N/A,,,3:43 PM,6/26/23,,,,,,,
Baxter Park,Outlet,N/A (dry),N/A (dry),,,3:43 PM,6/26/23,,,,,,,
Dobson A22,Sampling Area,N/A (dry),N/A (dry),N/A,No Water,4:29 PM,6/26/23,,,,,,,
Dobson A22,Inlet,N/A,N/A,,,4:29 PM,6/26/23,,,,,,,
Dobson A22,Outlet,N/A (dry),N/A (dry),,,4:29 PM,6/26/23,,,,,,,
Dobson A5,Sampling Area,Turbid Brown,0%,10 sec/L,Flowing Water,5:03 PM,6/26/23,,,,,,,
Dobson A5,Inlet,N/A,N/A,,,5:03 PM,6/26/23,,,,,,,
Dobson A5,Outlet,Turbid Brown,0%,,,5:03 PM,6/26/23,,,,,,,
Dobson A4,Sampling Area,Turbid Brown,Aquatic Plants (35%),N/A,No Water,5:31 PM,6/26/23,,,,,,,
Dobson A4,Inlet,N/A,N/A,,,5:31 PM,6/26/23,,,,,,,
Dobson A4,Outlet,N/A (dry),N/A (dry),,,5:31 PM,6/26/23,,,,,,,
Door Creek,Sampling Area,Turbid Brown,0%,N/A,Still Water,6:05 PM,6/26/23,,,,,,,
Door Creek,Inlet,N/A,N/A,,,6:05 PM,6/26/23,,,,,,,
Door Creek,Outlet,Turbid Brown,SS (40%) SP (60%),,,6:05 PM,6/26/23,,,,,,,
Commerical Ave,Sampling Area,Turbid Brown,0%,N/A,Still Water,6:27 AM,6/26/23,,,,,,,
Commerical Ave,Inlet,N/A,N/A,,,6:27 AM,6/26/23,,,,,,,
Commerical Ave,Outlet,Turbid Brown,0%,,,6:27 AM,6/26/23,,,,,,,
Pond Name,,Water Color,% Algae and cover type,Flow (sec/L),Water Conditions,Time,Date,,,,,,,
Lot 60,Sampling Area,Clear Water,Aquatic Plants (80%),,,7:20 AM,7/29/23,,,,,,,
Hospital Pond,Sampling Area,Clear Water,Aquatic Plants (5%),,,7:50 AM,7/29/23,,,,,,,
Garner Park,Sampling Area,Turbid Brown,NA,,,8:35 AM,7/29/23,,,,,,,
Dobson A7,Sampling Area,Turbid Brown,NA,,,9:02 AM,7/29/23,,,,,,,
Dobson A7,Outlet,,,,"Flowing Water, Flooded",9:02 AM,7/29/23,Lower pond and soccer fields flooded,,,,,,
Owen Park,Sampling Area,Turbid Brown,Aquatic Plants (50%),,,9:30 AM,7/29/23,,,,,,,
High Point Church,Sampling Area,Turbid Brown,NA,,,10:06 AM,7/29/23,,,,,,,
Dobson A8,Sampling Area,Clear Water,Aquatic Plants (10%),,,10:37 AM,7/29/23,,,,,,,
Midtown Park,Sampling Area,Clear Water,Aquatic Plants (5%),,,10:59 AM,7/29/23,,,,,,,
Elver Park ,Sampling Area,Turbid Brown,Aquatic Plants (10%),,,11:27 AM,7/29/23,,,,,,,
Two Fountains,Sampling Area,Clear Water,NA,,,11:49 AM,7/29/23,,,,,,,
Greentree Park,Sampling Area,Turbid Brown,Aquatic Plants (5%),,,12:11 PM,7/29/23,,,,,,,
Marion-Dunn,Sampling Area,Turbid Brown,NA,,,12:50 PM,7/29/23,,,,,,,
Manitou Pond,Sampling Area,Turbid Brown,NA,,,1:14 PM,7/29/23,,,,,,,
Mad City ,Sampling Area,Clear Water,Aquatic Plants (100%),,,1:58 PM,7/29/23,,,,,,,
Mad City ,Outlet,,,,Flowing Water,1:58 PM,7/29/23,,,,,,,
Baxter Park,Sampling Area,Turbid Brown,Aquatic Plants (40%),,,2:45 PM,7/29/23,,,,,,,
Dobson A22,Sampling Area,Turbid Brown,NA,,,3:22 PM,7/29/23,,,,,,,
Dobson A5,Sampling Area,Turbid Brown,NA,,,3:53 PM,7/29/23,,,,,,,
Dobson A4,Sampling Area,Turbid Brown,SS (5%),,,4:20 PM,7/29/23,,,,,,,
Door Creek,Sampling Area,Clear Water,SS (10%) FS (10%),,,4:44 PM,7/29/23,,,,,,,
Commerical Ave,Sampling Area,Turbid Brown,NA,,,5:09 PM,7/29/23,,,,,,,
Pond Name,,Water Color,% Algae and cover type,Flow (sec/L),Water Conditions,Time,Date,,,,,,,
Lot 60,Sampling Area,Turbid Brown,Duckweed (100%),,,6:55 AM,8/4/23,,,,,,,
Hospital Pond,Sampling Area,Clear Water,SS (30%),,,7:13 AM,8/4/23,,,,,,,
Hospital Pond,Inlet,Clear Water,SS (60%),,,7:13 AM,8/4/23,,,,,,,
Hospital Pond,Outlet,Clear Water,SS (60%),,Still Water,7:13 AM,8/4/23,,,,,,,
Garner Park,Sampling Area,Turbid Brown,SS (10%),,,7:46 AM,8/4/23,,,,,,,
Garner Park,Outlet,Turbid Brown,SS (50%)   ,4,Flowing Water,7:46 AM,8/4/23,,,,,,,
Dobson A7,Sampling Area,Turbid Brown,NA,,,8:16 AM,8/4/23,,,,,,,
Owen Park,Sampling Area,Turbid Green,Aquatic Plants (50%),,,8:45 AM,8/4/23,,,,,,,
Owen Park,Outlet,NA,NA,,No Water,8:45 AM,8/4/23,,,,,,,
High Point Church,Sampling Area,Clear Water,SS (10%),,,9:18 AM,8/4/23,,,,,,,
High Point Church,Outlet,NA,NA,,No Water,9:18 AM,8/4/23,,,,,,,
Dobson A8,Sampling Area,Turbid Brown,Aquatic Plants (20%),,,9:54 AM,8/4/23,,,,,,,
Midtown Park,Sampling Area,Turbid Brown,SS (20%),,,10:14 AM,8/4/23,,,,,,,
Midtown Park,Outlet,Turbid Brown,SS (20%),,Still Water,10:14 AM,8/4/23,,,,,,,
Elver Park ,Sampling Area,Clear Water,Aquatic Plants (10%),,,10:37 AM,8/4/23,,,,,,,
Elver Park ,Outlet,NA,NA,,No Water,10:37 AM,8/4/23,,,,,,,
Two Fountains,Sampling Area,Clear Water,SS (5%),,,10:59 AM,8/4/23,,,,,,,
Two Fountains,Outlet,Clear Water,NA,,Still Water,10:59 AM,8/4/23,,,,,,,
Greentree Park,Sampling Area,Turbid Brown,Aquatic Plants (5%),,,11:27 AM,8/4/23,,,,,,,
Marion-Dunn,Sampling Area,Turbid Brown,Duckweed (5%),,,1:03 PM,8/4/23,,,,,,,
Marion-Dunn,Inlet,Turbid Brown,NA,,,1:03 PM,8/4/23,,,,,,,
Marion-Dunn,Outlet,Turbid Brown,NA,20,Flowing Water,1:03 PM,8/4/23,,,,,,,
Manitou Pond,Sampling Area,Turbid Brown,NA,,,1:25 PM,8/4/23,,,,,,,
Manitou Pond,Inlet,Turbid Brown,NA,,,1:25 PM,8/4/23,,,,,,,
Manitou Pond,Outlet,Turbid Brown,NA,2,Flowing Water,1:25 PM,8/4/23,,,,,,,
Mad City ,Sampling Area,Turbid Brown,SS (10%),,,1:57 PM,8/4/23,,,,,,,
Mad City ,Inlet,Turbid Brown,NA,,,1:57 PM,8/4/23,,,,,,,
Mad City ,Outlet,Turbid Brown,SS (20%),,Still Water,1:57 PM,8/4/23,,,,,,,
Baxter Park,Sampling Area,Turbid Brown,Duckweed (90%),,,2:54 PM,8/4/23,,,,,,,
Baxter Park,Inlet,Turbid Brown,Duckweed (90%),,,2:54 PM,8/4/23,,,,,,,
Baxter Park,Outlet,Turbid Brown,Duckweed (90%),,Still Water,2:54 PM,8/4/23,,,,,,,
Dobson A22,Sampling Area,Turbid Brown,NA,,,3:33 PM,8/4/23,,,,,,,
Dobson A22,Inlet,NA,NA,,,3:33 PM,8/4/23,,,,,,,
Dobson A22,Outlet,NA,NA,,No Water,3:33 PM,8/4/23,,,,,,,
Dobson A5,Sampling Area,Turbid Brown,NA,,,3:55 PM,8/4/23,,,,,,,
Dobson A5,Inlet,Turbid Brown,NA,,,3:55 PM,8/4/23,,,,,,,
Dobson A5,Outlet,Turbid Brown,NA,,Still Water,3:55 PM,8/4/23,,,,,,,
Dobson A4,Sampling Area,Turbid Brown,NA,,,4:11 PM,8/4/23,,,,,,,
Dobson A4,Inlet,Turbid Brown,NA,,,4:11 PM,8/4/23,,,,,,,
Dobson A4,Outlet,Turbid Brown,NA,,Still Water,4:11 PM,8/4/23,,,,,,,
Door Creek,Sampling Area,Turbid Brown,SS (90%),,,4:49 PM,8/4/23,,,,,,,
Door Creek,Inlet,Turbid Brown,SS (100%),,,4:49 PM,8/4/23,,,,,,,
Door Creek,Outlet,Turbid Brown,SS (100%),,Still Water,4:49 PM,8/4/23,,,,,,,
Commerical Ave,Sampling Area,Turbid Brown,NA,,,5:14 PM,8/4/23,,,,,,,
Commerical Ave,Inlet,Turbid Brown,NA,,,5:14 PM,8/4/23,,,,,,,
Commerical Ave,Outlet,Turbid Brown,NA,,Still Water,5:14 PM,8/4/23,,,,,,,
Pond Name,,Water Color,% Algae and cover type,Flow (sec/L),Water Conditions,Time,Date,,,,,,,
Lot 60,Sampling Area,Turbid Brown,Duckweed (100%),,,8:53 AM,8/9/23,,,,,,,
Lot 60,Outlet,Turbid Brown,NA,,Still Water,8:53 AM,8/9/23,,,,,,,
Hospital Pond,Sampling Area,Clear Water,SS (40%),,,9:23 AM,8/9/23,,,,,,,
Hospital Pond,Outlet,Clear Water,NA,,Still Water,9:23 AM,8/9/23,,,,,,,
Garner Park,Sampling Area,Turbid Brown,SS (5%),,,9:58 AM,8/9/23,,,,,,,
Garner Park,Outlet,Turbid Brown/Mucky,NA,60,Flowing Water,9:58 AM,8/9/23,,,,,,,
DobA7,Sampling Area,Turbid Green,NA,,,10:20 AM,8/9/23,,,,,,,
DobA7,Outlet,Turbid Green,NA,,No Water,10:20 AM,8/9/23,,,,,,,
Owen Park,Sampling Area,Turbid Brown,Aquatic Plants (75%),,,10:50 AM,8/9/23,,,,,,,
Owen Park,Outlet,NA (no water),NA,,No Water,10:50 AM,8/9/23,,,,,,,
High Point Church,Sampling Area,Clear Water/Turbid Brown,SS (5%),,,11:15 AM,8/9/23,,,,,,,
High Point Church,Outlet,NA,NA,,Still Water,11:15 AM,8/9/23,,,,,,,
DobsonA8,Sampling Area,Turbid Brown ,(didn't record),,,11:48 AM,8/9/23,,,,,,,
Midtown Park,Sampling Area,Turbid Brown,SS (10%),,,12:12 PM,8/9/23,,,,,,,
Midtown Park,Outlet,Turbid Brown,,,No Water,12:12 PM,8/9/23,"Water at back of weir, none at front",,,,,,
Elver Park ,Sampling Area,Turbid Brown,Aquatic Plants (10%),,,12:40 PM,8/9/23,,,,,,,
Two Fountains,Sampling Area,Turbid Brown,SS (10%),,,1:02 PM,8/9/23,,,,,,,
Two Fountains,Outlet,Turbid Brown,,,Still Water,1:02 PM,8/9/23,,,,,,,
Greentree Park,Sampling Area,Turbid Brown,,,,1:25 PM,8/9/23,,,,,,,
Greentree Park,Outlet,Turbid Brown,,,Still Water,1:25 PM,8/9/23,,,,,,,
Marion-Dunn,Sampling Area,Turbid Brown,SS (2%),,,12:57 PM,8/10/23,,,,,,,
Marion-Dunn,Outlet,Turbid Brown,SS (5%),,,12:57 PM,8/10/23,,,,,,,
Marion-Dunn,Inlet,Turbid Brown,SS (5%),,No Water,12:57 PM,8/10/23,,,,,,,
Manitou Pond,Sampling Area,Turbid Brown,NA,,,1:26 PM,8/10/23,,,,,,,
Manitou Pond,Outlet,Turbid Brown,NA,5,Flowing Water,1:26 PM,8/10/23,,,,,,,
Manitou Pond,Inlet,Turbid Brown,NA,,,1:26 PM,8/10/23,,,,,,,
Mad City ,Sampling Area,Turbid Brown,SS (20%),,,2:05 PM,8/10/23,,,,,,,
Mad City ,Outlet,Turbid Brown,SS (5%),,Stil Water,2:05 PM,8/10/23,,,,,,,
Mad City ,Inlet,Turbid Brown,NA,,,2:05 PM,8/10/23,,,,,,,
Baxter Park,Sampling Area,Turbid Brown,SS (95%),,,2:51 PM,8/10/23,,,,,,,
Baxter Park,Outlet,Turbid Brown,NA,,No Water,2:51 PM,8/10/23,,,,,,,
Baxter Park,Inlet,Turbid Brown,NA,,,2:51 PM,8/10/23,,,,,,,
DobsonA22,Sampling Area,Turbid Brown,,,,3:24 PM,8/10/23,,,,,,,
DobsonA22,Outlet,NA (no water),,,No Water,3:24 PM,8/10/23,,,,,,,
DobsonA5,Sampling Area,Turbid Brown,NA,,,3:48 PM,8/10/23,,,,,,,
DobsonA5,Outlet,Turbid Brown,NA,,Still Water,3:48 PM,8/10/23,,,,,,,
DobsonA5,Inlet,Turbid Brown,NA,,,3:48 PM,8/10/23,,,,,,,
DobsonA4,Sampling Area,Turbid Brown,NA,,,4:28 PM,8/10/23,,,,,,,
DobsonA4,Outlet,Turbid Brown,NA,,Still Water,4:28 PM,8/10/23,,,,,,,
DobsonA4,Inlet,Turbid Brown,NA,,,4:28 PM,8/10/23,,,,,,,
Door Creek,Sampling Area,Turbid Brown,SS (60%),,,4:53 PM,8/10/23,,,,,,,
Door Creek,Outlet,Turbid Brown,SS (100%),,Still Water,4:53 PM,8/10/23,,,,,,,
Door Creek,Inlet,Turbid Brown,SS (100%),,,4:53 PM,8/10/23,,,,,,,
Commerical Ave,Sampling Area,Turbid Brown,NA,,,5:20 PM,8/10/23,,,,,,,
Commerical Ave,Outlet,Turbid Brown,NA,,No Water,5:20 PM,8/10/23,,,,,,,
Commerical Ave,Inlet,Turbid Brown,NA,,,5:20 PM,8/10/23,,,,,,,
Pond Name,,Water Color,% Algae and cover type,Flow (sec/L),Water Conditions,Time,Date,,,,,,,
Lot 60,Sampling Area,Turbid Brown,Duckweed (100%),,,7:28 AM,8/15/23,,,,,,,
Lot 60,Outlet,Clear Water,NA,,Still Water,7:28 AM,8/15/23,,,,,,,
Hospital Pond,Sampling Area,Clear Water,"FS (20%), Aquatic Veg (5%)",,,7:55 AM,8/15/23,,,,,,,
Hospital Pond,Outlet,Clear Water,,,Still Water,7:55 AM,8/15/23,,,,,,,
Hospital Pond,Inlet,Clear Water,,,,7:55 AM,8/15/23,,,,,,,
Garner Park,Sampling Area,Turbid Brown,NA,,,8:23 AM,8/15/23,,,,,,,
Garner Park,Outlet,Turbid Brown,NA,1,Flowing Water,8:23 AM,8/15/23,,,,,,,
Garner Park,Inlet,Turbid Brown,NA,,,8:23 AM,8/15/23,,,,,,,
DobsonA7,Sampling Area,Turbid Brown,NA,,,8:48 AM,8/15/23,,,,,,,
DobsonA7,Outlet,Turbid Brown,NA,,Flowing Water,8:48 AM,8/15/23,,,,,,,
DobsonA7,Inlet,Turbid Brown,NA,,,8:48 AM,8/15/23,,,,,,,
Owen Park,Sampling Area,Turbid Brown,Aquatic Plants (40%),,,9:18 AM,8/15/23,,,,,,,
Owen Park,Outlet,NA (no water),NA,,No Water,9:18 AM,8/15/23,,,,,,,
Owen Park,Inlet,NA (no water),NA,,,9:18 AM,8/15/23,,,,,,,
High Point Church,Sampling Area,Clear Water,SS (5%),,,9:40 AM,8/15/23,,,,,,,
High Point Church,Outlet,Clear Water,NA,,Still Water,9:40 AM,8/15/23,,,,,,,
High Point Church,Inlet,Clear Water,NA,,,9:40 AM,8/15/23,,,,,,,
Dobson A8,Sampling Area,Clear Water,Aquatic Plants (10%),,,10:17 AM,8/15/23,,,,,,,
Dobson A8,Outlet,Clear Water,Aquatic Plants (90%),3,Flowing Water (at small opening),10:17 AM,8/15/23,,,,,,,
Dobson A8,Inlet,Clear Water,,,,10:17 AM,8/15/23,,,,,,,
Midtown Park,Sampling Area,Turbid Brown,NA,,,10:32 AM,8/15/23,,,,,,,
Midtown Park,Outlet,Turbid Brown,NA,10?,Flowing Water,10:32 AM,8/15/23,,,,,,,
Midtown Park,Inlet,Turbid Brown,NA,,,10:32 AM,8/15/23,,,,,,,
Elver Park ,Sampling Area,Clear Water,Aquatic Plants (10%),,,10:55 AM,8/15/23,,,,,,,
Elver Park ,Outlet,Clear Water,NA,0.05,Flowing Water,10:55 AM,8/15/23,,,,,,,
Elver Park ,Inlet,Clear Water,NA,,,10:55 AM,8/15/23,,,,,,,
Two Fountains,Sampling Area,Turbid Brown,NA,,,11:13 AM,8/15/23,,,,,,,
Two Fountains,Outlet,Turbid Brown,NA,Very slow,Flowing Water,11:13 AM,8/15/23,,,,,,,
Two Fountains,Inlet,Turbid Brown,NA,,,11:13 AM,8/15/23,,,,,,,
Greentree Park,Sampling Area,Turbid Brown,Aquatic Plants (5%),,,11:35 AM,8/15/23,,,,,,,
Greentree Park,Outlet,Turbid Brown,NA,,Flowing Water,11:35 AM,8/15/23,,,,,,,
Greentree Park,Inlet,Turbid Brown,NA,,,11:35 AM,8/15/23,,,,,,,
Marion-Dunn,Sampling Area,Turbid Brown,NA,,,12:23 PM,8/15/23,,,,,,,
Marion-Dunn,Outlet,Turbid Brown,NA,,Flowing Water,12:23 PM,8/15/23,,,,,,,
Marion-Dunn,Inlet,Turbid Brown,NA,,,12:23 PM,8/15/23,,,,,,,
Manitou Pond,Sampling Area,Turbid Brown,NA,,,12:48 PM,8/15/23,,,,,,,
Manitou Pond,Outlet,Turbid Brown,NA,,Flowing Water,12:48 PM,8/15/23,,,,,,,
Manitou Pond,Inlet,Turbid Brown,NA,,,12:48 PM,8/15/23,,,,,,,
Mad City ,Sampling Area,Clear Water/Turbid Brown,SP (10%),,,1:15 PM,8/15/23,,,,,,,
Mad City ,Outlet,Clear Water/Turbid Brown,NA,,Still Water,1:15 PM,8/15/23,,,,,,,
Mad City ,Inlet,Clear Water/Turbid Brown,NA,,,1:15 PM,8/15/23,,,,,,,
Baxter Park,Sampling Area,Turbid Brown,SS (40%),,,2:04 PM,8/15/23,,,,,,,
Baxter Park,Outlet,Turbid Brown,NA,,Still Water,2:04 PM,8/15/23,,,,,,,
Baxter Park,Inlet,Turbid Brown,NA,,,2:04 PM,8/15/23,,,,,,,
Dobson A22,Sampling Area,Clear Water,NA,,,2:30 PM,8/15/23,,,,,,,
Dobson A22,Outlet,NA (no water),NA,,No Water,2:30 PM,8/15/23,,,,,,,
Dobson A22,Inlet,NA (no water),NA,,,2:30 PM,8/15/23,,,,,,,
Dobson A5,Sampling Area,Turbid Brown,NA,,,2:58 PM,8/15/23,,,,,,,
Dobson A5,Outlet,Turbid Brown,NA,Very slow,Flowing Water,2:58 PM,8/15/23,,,,,,,
Dobson A5,Inlet,Turbid Brown,NA,,,2:58 PM,8/15/23,,,,,,,
Dobson A4,Sampling Area,Turbid Green,NA,,,3:14 PM,8/15/23,,,,,,,
Dobson A4,Outlet,Turbid Green,NA,,,3:14 PM,8/15/23,,,,,,,
Dobson A4,Inlet,Turbid Green,NA,,,3:14 PM,8/15/23,,,,,,,
Door Creek,Sampling Area,Clear Water/Turbid Brown,SS (10%),,,3:41 PM,8/15/23,,,,,,,
Door Creek,Outlet,Clear Water/Turbid Brown,NA,,Still Water,3:41 PM,8/15/23,,,,,,,
Door Creek,Inlet,Clear Water/Turbid Brown,SS (100%),,,3:41 PM,8/15/23,,,,,,,
Commerical Ave,Sampling Area,Turbid Brown,NA,,,4:05 PM,8/15/23,,,,,,,
Commerical Ave,Outlet,Turbid Brown,NA,,Still Water,4:05 PM,8/15/23,,,,,,,
Commerical Ave,Inlet,Turbid Brown,NA,,,4:05 PM,8/15/23,,,,,,,
Pond Name,,Water Color,% Algae and cover type,Flow (sec/L),Water Conditions,Time,Date,,,,,,,
Lot 60,Sampling Area,Turbid Brown,Duckweed (100%),,,7:04 AM,8/22/23,,,,,,,
Lot 60,Outlet,Turbid Brown,NA,,Still Water,7:04 AM,8/22/23,,,,,,,
Hospital Pond,Sampling Area,Clear Water,"SS (80%), Lilypad (5%)",,,7:41 AM,8/22/23,,,,,,,
Hospital Pond,Outlet,Clear Water,SS (100%),,Still Water,7:41 AM,8/22/23,,,,,,,
Hospital Pond,Inlet,Clear Water,SS (50%)   ,,,7:41 AM,8/22/23,,,,,,,
Garner Park,Sampling Area,Turbid Brown,FS (20%)  ,,,8:10 AM,8/22/23,,,,,,,
Garner Park,Outlet,Turbid Brown,NA,20,Flowing Water,8:10 AM,8/22/23,,,,,,,
Garner Park,Inlet,Turbid Brown,NA,,,8:10 AM,8/22/23,,,,,,,
DobsonA7,Sampling Area,Turbid Brown,NA,,,8:56 AM,8/22/23,,,,,,,
DobsonA7,Outlet,Turbid Brown,NA,Slowish,Flowing Water,8:56 AM,8/22/23,,,,,,,
DobsonA7,Inlet,Turbid Brown,NA,,,8:56 AM,8/22/23,,,,,,,
Owen Park,Sampling Area,Turbid Brown,Lilypads (60%),,,9:25 AM,8/22/23,,,,,,,
Owen Park,Outlet,NA (no water),NA,,No Water,9:25 AM,8/22/23,,,,,,,
Owen Park,Inlet,Turbid Brown ,NA,,,9:25 AM,8/22/23,,,,,,,
High Point Church,Sampling Area,Clear Water,"Aquatic Plants (5%), SS (5%)",,,10:06 AM,8/22/23,,,,,,,
High Point Church,Outlet,Clear Water,NA,,Still Water,10:06 AM,8/22/23,,,,,,,
High Point Church,Inlet,Clear Water,NA,,,10:06 AM,8/22/23,,,,,,,
Dobson A8,Sampling Area,Turbid Brown,Aquatic Plants (20%),,,10:35 AM,8/22/23,,,,,,,
Dobson A8,Outlet,Turbid Brown,Aquatic Plants (90%),,No Water,10:35 AM,8/22/23,,,,,,,
Dobson A8,Inlet,Turbid Brown,NA,,,10:35 AM,8/22/23,,,,,,,
Midtown Park,Sampling Area,Turbid Brown,SS (5%),,,10:58 AM,8/22/23,,,,,,,
Midtown Park,Outlet,Turbid Brown,NA,,No Water,10:58 AM,8/22/23,,,,,,,
Midtown Park,Inlet,Turbid Brown,NA,,,10:58 AM,8/22/23,,,,,,,
Elver Park ,Sampling Area,Turbid Brown,Aquatic Plants (15%),,,11:37 AM,8/22/23,,,,,,,
Elver Park ,Outlet,Turbid Brown,Aquatic Plants (100%),,No Water,11:37 AM,8/22/23,,,,,,,
Elver Park ,Inlet,Turbid Brown,NA,,,11:37 AM,8/22/23,,,,,,,
Two Fountains,Sampling Area,Clear Water,Aquatic Plants (10%),,,12:07 PM,8/22/23,,,,,,,
Two Fountains,Outlet,Clear Water,NA,,Still Water,12:07 PM,8/22/23,,,,,,,
Two Fountains,Inlet,Clear Water,NA,,,12:07 PM,8/22/23,,,,,,,
Greentree Park,Sampling Area,Turbid Brown,Aquatic Plants (50%),,,12:31 PM,8/22/23,,,,,,,
Greentree Park,Outlet,Turbid Brown,NA,,Still Water,12:31 PM,8/22/23,,,,,,,
Greentree Park,Inlet,Turbid Brown,NA,,,12:31 PM,8/22/23,,,,,,,
Marion-Dunn,Sampling Area,Turbid Brown,SS (10%),,,1:20 PM,8/22/23,,,,,,,
Marion-Dunn,Outlet,Turbid Brown,NA,,Still Water,1:20 PM,8/22/23,,,,,,,
Marion-Dunn,Inlet,Turbid Brown,NA,,,1:20 PM,8/22/23,,,,,,,
Manitou Pond,Sampling Area,Turbid Brown,NA,,,1:46 PM,8/22/23,,,,,,,
Manitou Pond,Outlet,Turbid Brown,NA,,Flowing Water,1:46 PM,8/22/23,,,,,,,
Manitou Pond,Inlet,Turbid Brown,NA,,,1:46 PM,8/22/23,,,,,,,
Mad City ,Sampling Area,Clear Water,SS (5%),,,2:27 PM,8/22/23,,,,,,,
Mad City ,Outlet,Clear Water,NA,,Still Water,2:27 PM,8/22/23,,,,,,,
Mad City ,Inlet,Clear Water,NA,,,2:27 PM,8/22/23,,,,,,,
Baxter Park,Sampling Area,Turbid Brown,Duckweed (100%),,,3:26 PM,8/22/23,,,,,,,
Baxter Park,Outlet,Turbid Brown,NA,,Still Water,3:26 PM,8/22/23,,,,,,,
Baxter Park,Inlet,Turbid Brown,NA,,,3:26 PM,8/22/23,,,,,,,
Dobson A22,Sampling Area,Turbid Brown,NA,,,4:04 PM,8/22/23,,,,,,,
Dobson A22,Outlet,NA (no water),NA,,No Water,4:04 PM,8/22/23,,,,,,,
Dobson A22,Inlet,NA (no water),NA,,,4:04 PM,8/22/23,,,,,,,
DobsonA5,Sampling Area,Turbid Brown,NA,,,4:25 PM,8/22/23,,,,,,,
DobsonA5,Outlet,Turbid Brown,NA,,Still Water,4:25 PM,8/22/23,,,,,,,
DobsonA5,Inlet,Turbid Brown,NA,,,4:25 PM,8/22/23,,,,,,,
DobsonA4,Sampling Area,Turbid Brown,NA,,,5:00 PM,8/22/23,,,,,,,
DobsonA4,Outlet,Turbid Brown,NA,,Still Water,5:00 PM,8/22/23,,,,,,,
DobsonA4,Inlet,Turbid Brown,NA,,,5:00 PM,8/22/23,,,,,,,
Door Creek,Sampling Area,Turbid Brown,SS (30%),,,5:13 PM,8/22/23,,,,,,,
Door Creek,Outlet,Turbid Brown,SP (100%),,Still Water,5:13 PM,8/22/23,,,,,,,
Door Creek,Inlet,Turbid Brown,SP (100%),,,5:13 PM,8/22/23,,,,,,,
Commerical Ave,Sampling Area,Turbid Brown,NA,,,5:52 PM,8/22/23,,,,,,,
Commerical Ave,Outlet,NA (no water),NA,,No Water,5:52 PM,8/22/23,,,,,,,
Commerical Ave,Inlet,Turbid Brown,NA,,,5:52 PM,8/22/23,,,,,,,
Pond Name,,Water Color,% Algae and cover type,Flow (sec/L),Water Conditions,Time,Date,,,,,,,
Lot 60,Sampling Area,Turbid Brown,Duckweed (80%),,,7:05 AM,9/20/23,,,,,,,
Hospital Pond,Sampling Area,Clear Water,"FS (20%), Aquatic Veg (5%)",,,7:45 AM,9/20/23,,,,,,,
Hospital Pond,Outlet,Clear Water,Aquatic Plants (30%),,Still Water,7:45 AM,9/20/23,,,,,,,
Hospital Pond,Inlet,Clear Water,FS (100%),,,7:45 AM,9/20/23,,,,,,,
Garner Park,Sampling Area,Clear Water,SS (30%),,,8:17 AM,9/20/23,,,,,,,
Garner Park,Outlet,Clear Water,NA,4,Flowing Water,8:17 AM,9/20/23,,,,,,,
Garner Park,Inlet,Clear Water,NA,,,8:17 AM,9/20/23,,,,,,,
Dobson A7,Sampling Area,Turbid Green,NA,,,8:40 AM,9/20/23,,,,,,,
Dobson A7,Outlet,Turbid Green,NA,,Flowing Water?,8:40 AM,9/20/23,Flowing at small outlet? Too blocked?,,,,,,
Dobson A7,Inlet,Turbid Green,NA,,,8:40 AM,9/20/23,,,,,,,
Owen Park,Sampling Area,Turbid Green,Aquatic Plants (60%),,,9:06 AM,9/20/23,,,,,,,
Owen Park,Outlet,NA (no water),NA,,No Water,9:06 AM,9/20/23,,,,,,,
Owen Park,Inlet,Turbid Green,NA,,,9:06 AM,9/20/23,,,,,,,
High Point Church,Sampling Area,Clear Water,SS (10%),,,9:23 AM,9/20/23,,,,,,,
High Point Church,Outlet,Clear Water,NA,,,9:23 AM,9/20/23,,,,,,,
High Point Church,Inlet,Clear Water,NA,,,9:23 AM,9/20/23,,,,,,,
Dobson A8,Sampling Area,Clear Water/Turbid Brown,Aquatic Plants (20%),,,9:57 AM,9/20/23,,,,,,,
Dobson A8,Outlet,Clear Water/Turbid Brown,NA,,No Water,9:57 AM,9/20/23,,,,,,,
Dobson A8,Inlet,Clear Water/Turbid Brown,Aquatic Plants (100%),,,9:57 AM,9/20/23,,,,,,,
Midtown Park,Sampling Area,Clear Water,SS (5%),,,10:18 AM,9/20/23,,,,,,,
Midtown Park,Outlet,NA (no water),NA,,No Water,10:18 AM,9/20/23,,,,,,,
Midtown Park,Inlet,NA (no water),NA,,,10:18 AM,9/20/23,,,,,,,
Elver Park ,Sampling Area,Clear Water,Aquatic Plants (20%),,,10:44 AM,9/20/23,,,,,,,
Elver Park ,Outlet,Clear Water,NA,Very slow,Flowing Water,10:44 AM,9/20/23,,,,,,,
Elver Park ,Inlet,Clear Water,NA,,,10:44 AM,9/20/23,,,,,,,
Two Fountains,Sampling Area,Clear Water,Aquatic Plants (40%),,,11:04 AM,9/20/23,,,,,,,
Two Fountains,Outlet,Clear Water,NA,,No Water,11:04 AM,9/20/23,,,,,,,
Two Fountains,Inlet,Clear Water,NA,,,11:04 AM,9/20/23,,,,,,,
Greentree Park,Sampling Area,Clear Water,Aquatic Plants (10%),,,11:24 AM,9/20/23,,,,,,,
Greentree Park,Outlet,Clear Water,NA,,Still Water,11:24 AM,9/20/23,,,,,,,
Greentree Park,Inlet,Clear Water,NA,,,11:24 AM,9/20/23,,,,,,,
Marion-Dunn,Sampling Area,Turbid Brown,Duckweed (5%),,,12:42 PM,9/20/23,,,,,,,
Marion-Dunn,Outlet,Turbid Brown,NA,Very slow,Flowing Water,12:42 PM,9/20/23,,,,,,,
Marion-Dunn,Inlet,Turbid Brown,NA,,,12:42 PM,9/20/23,,,,,,,
Manitou Pond,Sampling Area,Turbid Brown,NA,,,1:06 PM,9/20/23,,,,,,,
Manitou Pond,Outlet,Turbid Brown,NA,,Flowing Water,1:06 PM,9/20/23,,,,,,,
Manitou Pond,Inlet,Turbid Brown,NA,,,1:06 PM,9/20/23,,,,,,,
Mad City ,Sampling Area,Clear Water,SS (2%),,,1:38 PM,9/20/23,,,,,,,
Mad City ,Outlet,Clear Water,NA,Very slow?,Flowing Water?,1:38 PM,9/20/23,,,,,,,
Mad City ,Inlet,Clear Water,NA,,,1:38 PM,9/20/23,,,,,,,
Baxter Park,Sampling Area,Turbid Brown,Duckweed (95%),,,2:41 PM,9/20/23,,,,,,,
Baxter Park,Outlet,Turbid Brown,NA,,No Water,2:41 PM,9/20/23,,,,,,,
Baxter Park,Inlet,Turbid Brown,NA,,,2:41 PM,9/20/23,,,,,,,
Dobson A22,Sampling Area,Turbid Brown,NA,,,3:17 PM,9/20/23,,,,,,,
Dobson A22,Outlet,Turbid Brown,NA,,No Water,3:17 PM,9/20/23,,,,,,,
Dobson A22,Inlet,Turbid Brown,NA,,,3:17 PM,9/20/23,,,,,,,
Dobson A5,Sampling Area,Turbid Brown,NA,,,3:43 PM,9/20/23,,,,,,,
Dobson A5,Outlet,Turbid Brown,NA,,Flowing Water,3:43 PM,9/20/23,,,,,,,
Dobson A5,Inlet,Turbid Brown,NA,,,3:43 PM,9/20/23,,,,,,,
Dobson A4,Sampling Area,Turbid Green,NA,,,4:10 PM,9/20/23,,,,,,,
Dobson A4,Outlet,Turbid Green,NA,,No Water,4:10 PM,9/20/23,,,,,,,
Dobson A4,Inlet,Turbid Green,NA,,,4:10 PM,9/20/23,,,,,,,
Door Creek,Sampling Area,Clear Water,SS (40%),,,4:32 PM,9/20/23,,,,,,,
Door Creek,Outlet,Clear Water,SS (100%),,Still Water,4:32 PM,9/20/23,,,,,,,
Door Creek,Inlet,Clear Water,SS (100%),,,4:32 PM,9/20/23,,,,,,,
Commerical Ave,Sampling Area,Turbid Brown,NA,,,5:17 PM,9/20/23,,,,,,,
Commerical Ave,Outlet,Turbid Brown,NA,,No Water?,5:17 PM,9/20/23,,,,,,,
Commerical Ave,Inlet,Turbid Brown,NA,,,5:17 PM,9/20/23,,,,,,,
Pond Name,,Water Color,% Algae and cover type,Flow (sec/L),Water Conditions,Time,Date,,,,,,,
Lot 60,Sampling Area,Clear Water,Duckweed (50%),,Still Water,7:26 AM,9/27/23,,,,,,,
Lot 60,Outlet,Clear Water,,,,7:26 AM,9/27/23,,,,,,,
Hospital Pond,Sampling Area,Clear Water,Lilypads (2%),,,7:46 AM,9/27/23,,,,,,,
Hospital Pond,Outlet,Clear Water,NA,,Still Water,7:46 AM,9/27/23,,,,,,,
Hospital Pond,Inlet,Clear Water,Lilypads (5%),,,7:46 AM,9/27/23,,,,,,,
Garner Park,Sampling Area,Turbid Brown,NA,,,8:19 AM,9/27/23,,,,,,,
Garner Park,Outlet,Turbid Brown,Leaf Litter,0.1,Flowing Water,8:19 AM,9/27/23,,,,,,,
Garner Park,Inlet,Turbid Brown,NA,,,8:19 AM,9/27/23,,,,,,,
Dobson A7,Sampling Area,Turbid Brown,NA,,,8:53 AM,9/27/23,,,,,,,
Dobson A7,Outlet,Turbid Brown,NA,5 seconds to get across,Flowing Water,8:53 AM,9/27/23,,,,,,,
Dobson A7,Inlet,Turbid Brown,NA,,,8:53 AM,9/27/23,,,,,,,
Owen Park,Sampling Area,Clear Water,Lilypads (20%),,,9:22 AM,9/27/23,,,,,,,
Owen Park,Outlet,NA (no water),NA,,No Water,9:22 AM,9/27/23,,,,,,,
Owen Park,Inlet,Clear Water,NA,,,9:22 AM,9/27/23,,,,,,,
High Point Church,Sampling Area,Clear Water,SS (5%),,,9:53 AM,9/27/23,,,,,,,
High Point Church,Outlet,Clear Water,NA,,,9:53 AM,9/27/23,,,,,,,
High Point Church,Inlet,Clear Water,NA,,,9:53 AM,9/27/23,,,,,,,
Dobson A8,Sampling Area,Clear Water,Aquatic Plants (10%),,,10:23 AM,9/27/23,,,,,,,
Dobson A8,Outlet,Clear Water,,,"Flowing Water (at small opening maybe 1"" above)",10:23 AM,9/27/23,,,,,,,
Dobson A8,Inlet,Clear Water,Aquatic Plants (100%),,,10:23 AM,9/27/23,,,,,,,
Midtown Park,Sampling Area,Clear Water,NA,,,10:46 AM,9/27/23,,,,,,,
Midtown Park,Outlet,Clear Water,NA,Pretty slow,Flowing Water,10:46 AM,9/27/23,,,,,,,
Midtown Park,Inlet,Clear Water,NA,,,10:46 AM,9/27/23,,,,,,,
Elver Park ,Sampling Area,Clear Water,Aquatic Plants (10%),,,11:11 AM,9/27/23,,,,,,,
Elver Park ,Outlet,Clear Water,Aquatic Plants (100%),,Flowing Water,11:11 AM,9/27/23,,,,,,,
Elver Park ,Inlet,Clear Water,NA,,,11:11 AM,9/27/23,,,,,,,
Two Fountains,Sampling Area,Clear Water,Aquatic Plants (15%),,,11:37 AM,9/27/23,,,,,,,
Two Fountains,Outlet,Clear Water,NA,,Still Water,11:37 AM,9/27/23,,,,,,,
Two Fountains,Inlet,Clear Water,NA,,,11:37 AM,9/27/23,,,,,,,
Greentree Park,Sampling Area,Clear Water,Aquatic Plants (5%),,,12:02 PM,9/27/23,,,,,,,
Greentree Park,Outlet,Clear Water,Aquatic Plants (50%),Slow  ,Flowing Water,12:02 PM,9/27/23,,,,,,,
Greentree Park,Inlet,Clear Water,NA,,,12:02 PM,9/27/23,,,,,,,
Marion-Dunn,Sampling Area,Turbid Brown,Duckweed (10%),,,12:51 PM,9/27/23,,,,,,,
Marion-Dunn,Outlet,Turbid Brown,,,Flowing Water,12:51 PM,9/27/23,,,,,,,
Marion-Dunn,Inlet,Turbid Brown,,,,12:51 PM,9/27/23,,,,,,,
Manitou Pond,Sampling Area,Turbid Brown,NA,,,1:11 PM,9/27/23,,,,,,,
Manitou Pond,Outlet,Turbid Brown,NA,,Flowing Water,1:11 PM,9/27/23,,,,,,,
Manitou Pond,Inlet,Turbid Brown,NA,,,1:11 PM,9/27/23,,,,,,,
Mad City ,Sampling Area,Turbid Brown,SS (40%),,,2:00 PM,9/27/23,,,,,,,
Mad City ,Outlet,Turbid Brown,SS (100%),Very slow,Flowing Water,2:00 PM,9/27/23,,,,,,,
Mad City ,Inlet,Turbid Brown,NA,,,2:00 PM,9/27/23,,,,,,,
Baxter Park,Sampling Area,Clear Water,SS (20%),,,2:45 PM,9/27/23,,,,,,,
Baxter Park,Outlet,Clear Water,NA,,Flowing Water,2:45 PM,9/27/23,,,,,,,
Baxter Park,Inlet,Clear Water,NA,,Flowing Water,2:45 PM,9/27/23,,,,,,,
Dobson A22,Sampling Area,Clear Water,,,,3:30 PM,9/27/23,,,,,,,
Dobson A22,Outlet,Clear Water,,,No Water,3:30 PM,9/27/23,,,,,,,
Dobson A22,Inlet,Clear Water,,,,3:30 PM,9/27/23,,,,,,,
Dobson A5,Sampling Area,Turbid Brown,NA,,,4:00 PM,9/27/23,,,,,,,
Dobson A5,Outlet,Turbid Brown,NA,Slow,Flowing Water,4:00 PM,9/27/23,,,,,,,
Dobson A5,Inlet,Turbid Brown,NA,,,4:00 PM,9/27/23,,,,,,,
Dobson A4,Sampling Area,Turbid Brown,NA,,,4:25 PM,9/27/23,,,,,,,
Dobson A4,Outlet,Turbid Brown,NA,,,4:25 PM,9/27/23,,,,,,,
Dobson A4,Inlet,Turbid Brown,NA,,,4:25 PM,9/27/23,,,,,,,
Door Creek,Sampling Area,Clear Water/Turbid Brown,SP (20%),,,4:58 PM,9/27/23,,,,,,,
Door Creek,Outlet,Clear Water/Turbid Brown,NA,,Still Water,4:58 PM,9/27/23,,,,,,,
Door Creek,Inlet,Clear Water/Turbid Brown,NA,,,4:58 PM,9/27/23,,,,,,,
Commerical Ave,Sampling Area,Turbid Brown,NA,,,5:30 PM,9/27/23,,,,,,,
Commerical Ave,Outlet,Turbid Brown,NA,,Still Water,5:30 PM,9/27/23,,,,,,,
Commerical Ave,Inlet,Turbid Brown,NA,,,5:30 PM,9/27/23,,,,,,,
Pond Name,,Water Color,% Algae and cover type,Flow (sec/L),Water Conditions,Time,Date,,,,,,,
Lot 60,Sampling Area,Turbid Brown,DW (80%),,,7:20 AM,10/5/23,,,,,,,
Lot 60,Outlet,Turbid Brown,NA,,,7:20 AM,10/5/23,,,,,,,
Lot 60,Inlet,Turbid Brown,NA,,,7:20 AM,10/5/23,,,,,,,
Hospital Pond,Sampling Area,Clear Water,"SS (2%), LP (2%)",,,7:47 AM,10/5/23,,,,,,,
Hospital Pond,Outlet,Clear Water,SS (20%),,Still Water,7:47 AM,10/5/23,,,,,,,
Hospital Pond,Inlet,Clear Water,SS (20%),,,7:47 AM,10/5/23,,,,,,,
Garner Park,Sampling Area,Turbid Brown,Leaves (20%),,,8:23 AM,10/5/23,,,,,,,
Garner Park,Outlet,Turbid Brown,NA,10,Flowing Water,8:23 AM,10/5/23,*Trash blocking flow,,,,,,
Garner Park,Inlet,Turbid Brown,NA,,,8:23 AM,10/5/23,,,,,,,
Dobson A7,Sampling Area,Turbid Green,NA,,,8:45 AM,10/5/23,,,,,,,
Dobson A7,Outlet,Turbid Green,NA,,Flowing Water (at small opening),8:45 AM,10/5/23,,,,,,,
Dobson A7,Inlet,Turbid Green,NA,,,8:45 AM,10/5/23,,,,,,,
Owen Park,Sampling Area,Turbid Brown,LP (40%),,,9:12 AM,10/5/23,,,,,,,
Owen Park,Outlet,Turbid Brown,NA,,No Water,9:12 AM,10/5/23,,,,,,,
Owen Park,Inlet,Turbid Brown,NA,,,9:12 AM,10/5/23,,,,,,,
High Point Church,Sampling Area,Clear Water,Aquatic Plants (20%),,,9:40 AM,10/5/23,,,,,,,
High Point Church,Outlet,Clear Water,NA,,,9:40 AM,10/5/23,,,,,,,
High Point Church,Inlet,Clear Water,NA,,,9:40 AM,10/5/23,,,,,,,
Dobson A8,Sampling Area,Clear Water,Aquatic Plants (10%),,,10:07 AM,10/5/23,,,,,,,
Dobson A8,Outlet,Clear Water,Aquatic Plants/Leaves (60%),,No Water ,10:07 AM,10/5/23,,,,,,,
Dobson A8,Inlet,Clear Water,NA,,,10:07 AM,10/5/23,,,,,,,
Midtown Park,Sampling Area,Clear Water,SS (5%),,,10:31 AM,10/5/23,,,,,,,
Midtown Park,Outlet,Clear Water,NA,,No Water,10:31 AM,10/5/23,,,,,,,
Midtown Park,Inlet,Clear Water,NA,,,10:31 AM,10/5/23,,,,,,,
Elver Park ,Sampling Area,Turbid Brown,Aquatic Plants (10%),,,11:01 AM,10/5/23,,,,,,,
Elver Park ,Outlet,Turbid Brown,Aquatic Plants (100%),,No Water,11:01 AM,10/5/23,,,,,,,
Elver Park ,Inlet,Turbid Brown,NA,,,11:01 AM,10/5/23,,,,,,,
Two Fountains,Sampling Area,Clear Water,Aquatic Plants (30%),,,11:31 AM,10/5/23,,,,,,,
Two Fountains,Outlet,Clear Water,Aquatic Plants (100%),,Still Water,11:31 AM,10/5/23,,,,,,,
Two Fountains,Inlet,Clear Water,Aquatic Plants (100%),,,11:31 AM,10/5/23,,,,,,,
Greentree Park,Sampling Area,Turbid Brown,Aquatic Plants (15%),,,11:51 AM,10/5/23,,,,,,,
Greentree Park,Outlet,Turbid Brown,NA,,,11:51 AM,10/5/23,,,,,,,
Greentree Park,Inlet,Turbid Brown,NA,,,11:51 AM,10/5/23,,,,,,,
Marion-Dunn,Sampling Area,Clear Water/Turbid Brown,NA,,,1:22 PM,10/5/23,,,,,,,
Marion-Dunn,Outlet,Clear Water/Turbid Brown,NA,,,1:22 PM,10/5/23,,,,,,,
Marion-Dunn,Inlet,Clear Water/Turbid Brown,NA,,,1:22 PM,10/5/23,,,,,,,
Manitou Pond,Sampling Area,Turbid Green,NA,,,1:45 PM,10/5/23,,,,,,,
Manitou Pond,Outlet,Turbid Green,NA,3,Flowing Water,1:45 PM,10/5/23,,,,,,,
Manitou Pond,Inlet,Turbid Green,NA,,,1:45 PM,10/5/23,,,,,,,
Mad City ,Sampling Area,Clear Water,SS (5%),,,2:36 PM,10/5/23,,,,,,,
Mad City ,Outlet,Clear Water,SS (10%),,Still Water,2:36 PM,10/5/23,,,,,,,
Mad City ,Inlet,Clear Water,NA,,,2:36 PM,10/5/23,,,,,,,
Baxter Park,Sampling Area,Turbid Brown,SS (90%),,,3:49 PM,10/5/23,,,,,,,
Baxter Park,Outlet,Turbid Brown,NA,,No Water?,3:49 PM,10/5/23,,,,,,,
Baxter Park,Inlet,Turbid Brown,NA,,,3:49 PM,10/5/23,,,,,,,
Dobson A22,Sampling Area,Turbid Brown,SS (10%),,,4:25 PM,10/5/23,,,,,,,
Dobson A22,Outlet,Turbid Brown,NA,,No Water,4:25 PM,10/5/23,,,,,,,
Dobson A22,Inlet,Turbid Brown,NA,,,4:25 PM,10/5/23,,,,,,,
Dobson A5,Sampling Area,Turbid Brown,NA,,,5:05 PM,10/5/23,,,,,,,
Dobson A5,Outlet,Turbid Brown,NA,,Still Water (maybe flowing slowly?),5:05 PM,10/5/23,,,,,,,
Dobson A5,Inlet,Turbid Brown,NA,,,5:05 PM,10/5/23,,,,,,,
Dobson A4,Sampling Area,Turbid Brown,NA,,,5:27 PM,10/5/23,,,,,,,
Dobson A4,Outlet,Turbid Brown,NA,,,5:27 PM,10/5/23,,,,,,,
Dobson A4,Inlet,Turbid Brown,NA,,,5:27 PM,10/5/23,,,,,,,
Door Creek,Sampling Area,Clear Water,SS (30%),,,5:51 PM,10/5/23,,,,,,,
Door Creek,Outlet,Clear Water,SS (100%),,,5:51 PM,10/5/23,,,,,,,
Door Creek,Inlet,Clear Water,NA,,,5:51 PM,10/5/23,,,,,,,
Commerical Ave,Sampling Area,Turbid Brown,NA,,,6:15 PM,10/5/23,,,,,,,
Commerical Ave,Outlet,Turbid Brown,NA,,No Water,6:15 PM,10/5/23,,,,,,,
Commerical Ave,Inlet,Turbid Brown,NA,,,6:15 PM,10/5/23,,,,,,,
Pond Name,,Water Color,% Algae and cover type,Flow (sec/L),Water Conditions,Time,Date,,,,,,,
Lot 60,Sampling Area,Clear Water,,,,4:03 PM,5/15/24,,,,,,,
Lot 60,Outlet,Clear Water,,,,4:03 PM,5/15/24,,,,,,,
Lot 60,Inlet,Clear Water,,,,4:03 PM,5/15/24,,,,,,,
Garner Park,Sampling Area,Turbid Brown,SS (5%),,,12:07 PM,5/15/24,,,,,,,
Garner Park,Outlet,Turbid Brown,NA,20,Flowing Water,12:07 PM,5/15/24,,,,,,,
Garner Park,Inlet,Turbid Brown,NA,,,12:07 PM,5/15/24,,,,,,,
Dobson A7,Sampling Area,Turbid Brown,NA,,,12:34 PM,5/15/24,,,,,,,
Dobson A7,Outlet,Turbid Brown,NA,,Still Water,12:34 PM,5/15/24,*Trash blocking flow,,,,,,
Dobson A7,Inlet,Turbid Brown,NA,,,12:34 PM,5/15/24,,,,,,,
Owen Park,Sampling Area,Turbid Brown,Lilypads (20%),,,1:07 PM,5/15/24,,,,,,,
Owen Park,Outlet,Turbid Brown,NA,,No Water,1:07 PM,5/15/24,,,,,,,
Owen Park,Inlet,Turbid Brown,NA,,,1:07 PM,5/15/24,,,,,,,
Dobson A8,Sampling Area,Turbid Brown,Floating Leaves (5%),,,2:03 PM,5/15/24,,,,,,,
Dobson A8,Outlet,Turbid Brown,Floating Leaves (80%),,Still Water,2:03 PM,5/15/24,,,,,,,
Dobson A8,Inlet,Turbid Brown,NA,,,2:03 PM,5/15/24,,,,,,,
Midtown Park,Sampling Area,Clear Water,SS (5%),,,1:44 PM,5/15/24,,,,,,,
Midtown Park,Outlet,Clear Water,SS (50%)   ,,Still Water,1:44 PM,5/15/24,,,,,,,
Midtown Park,Inlet,Clear Water,SS (50%)   ,,,1:44 PM,5/15/24,,,,,,,
Elver Park ,Sampling Area,Clear Water,NA,,,3:00 PM,5/15/24,,,,,,,
Elver Park ,Outlet,Clear Water,NA,,,3:00 PM,5/15/24,,,,,,,
Elver Park ,Inlet,Clear Water,NA,,,3:00 PM,5/15/24,,,,,,,
Greentree Park,Sampling Area,Turbid Brown,Floating Leaves (2%),,,6:47 PM,5/18/24,,,,,,,
Greentree Park,Outlet,Turbid Brown,NA,,,6:47 PM,5/18/24,,,,,,,
Greentree Park,Inlet,Turbid Brown,NA,,,6:47 PM,5/18/24,,,,,,,
Marion-Dunn,Sampling Area,Turbid Brown,NA,,,11:36 AM,5/10/24,,,,,,,
Marion-Dunn,Outlet,Turbid Brown,NA,20,Flowing Water,11:36 AM,5/10/24,,,,,,,
Marion-Dunn,Inlet,Turbid Brown,NA,,,11:36 AM,5/10/24,,,,,,,
Manitou Pond,Sampling Area,Turbid Brown,NA,,,12:42 PM,5/10/24,,,,,,,
Manitou Pond,Outlet,Turbid Brown,NA,,Flowing Water,12:42 PM,5/10/24,,,,,,,
Manitou Pond,Inlet,Turbid Brown,NA,,,12:42 PM,5/10/24,,,,,,,
Dobson A22,Sampling Area,Clear Water,NA,,,3:16 PM,5/10/24,,,,,,,
Dobson A22,Outlet,Clear Water,NA,,No Water ,3:16 PM,5/10/24,,,,,,,
Dobson A22,Inlet,Clear Water,NA,,,3:16 PM,5/10/24,,,,,,,
Dobson A5,Sampling Area,Clear Water,NA,,,3:43 PM,5/10/24,,,,,,,
Dobson A5,Outlet,Clear Water,NA,,Flowing Water,3:43 PM,5/10/24,,,,,,,
Dobson A5,Inlet,Clear Water,NA,,,3:43 PM,5/10/24,,,,,,,
Dobson A4,Sampling Area,Turbid Brown,NA,,,4:03 PM,5/10/24,,,,,,,
Dobson A4,Outlet,Turbid Brown,NA,,,4:03 PM,5/10/24,,,,,,,
Dobson A4,Inlet,Turbid Brown,NA,,,4:03 PM,5/10/24,,,,,,,
Door Creek,Sampling Area,Clear Water,SS (5%),,,4:21 PM,5/10/24,,,,,,,
Door Creek,Outlet,Clear Water,NA,,Still Water,4:21 PM,5/10/24,,,,,,,
Door Creek,Inlet,Clear Water,NA,,,4:21 PM,5/10/24,,,,,,,
Commerical Ave,Sampling Area,Turbid Brown,NA,,,4:45 PM,5/10/24,,,,,,,
Commerical Ave,Outlet,Turbid Brown,NA,Very very little,Flowing Water,4:45 PM,5/10/24,,,,,,,
Commerical Ave,Inlet,Turbid Brown,NA,,,4:45 PM,5/10/24,,,,,,,
Pond Name,,Water Color,% Algae and cover type,Flow (sec/L),Water Conditions,Time,Date,,,,,,,
Lot 60,Sampling Area,Turbid Brown,Duckweed (100%),,,9:01 AM,7/16/24,,,,,,,
Lot 60,Outlet,Turbid Brown,NA,,Still Water,9:01 AM,7/16/24,,,,,,,
Lot 60,Inlet,Turbid Brown,NA,,,9:01 AM,7/16/24,,,,,,,
Hospital Pond,Sampling Area,Clear Water,"SS (10%), Lilypads (5%)",,,8:18 AM,7/16/24,,,,,,,
Hospital Pond,Outlet,Clear Water,Lilypads (20%),,Still Water,8:18 AM,7/16/24,,,,,,,
Hospital Pond,Inlet,Clear Water,SS (100%),,,8:18 AM,7/16/24,,,,,,,
Garner Park,Sampling Area,Turbid Brown,SS (10%),,,9:24 AM,7/16/24,,,,,,,
Garner Park,Outlet,Turbid Brown,SS (100%),2,Flowing Water,9:24 AM,7/16/24,,,,,,,
Garner Park,Inlet,Turbid Brown,NA,,,9:24 AM,7/16/24,,,,,,,
Dobson A7,Sampling Area,Turbid Brown,NA,,,9:55 AM,7/16/24,,,,,,,
Dobson A7,Outlet,Turbid Brown,NA,1,Flowing Water,9:55 AM,7/16/24,*At small grate outlet,,,,,,
Dobson A7,Inlet,Turbid Brown,NA,,,9:55 AM,7/16/24,,,,,,,
Owen Park,Sampling Area,Turbid Brown,Lilypads (50%),,,10:18 AM,7/16/24,,,,,,,
Owen Park,Outlet,Turbid Brown,NA,,No Water,10:18 AM,7/16/24,,,,,,,
Owen Park,Inlet,Turbid Brown,NA,,,10:18 AM,7/16/24,,,,,,,
Dobson A8,Sampling Area,Clear Water,Floating Leaves (20%),,,10:47 AM,7/16/24,,,,,,,
Dobson A8,Outlet,Clear Water,Floating Leaves (100%),,Still Water,10:47 AM,7/16/24,,,,,,,
Dobson A8,Inlet,Clear Water,NA,,,10:47 AM,7/16/24,,,,,,,
Midtown Park,Sampling Area,Clear Water,Floating Leaves (10%),,,11:09 AM,7/16/24,,,,,,,
Midtown Park,Outlet,Clear Water,Floating Leaves (100%),,No Water,11:09 AM,7/16/24,,,,,,,
Midtown Park,Inlet,Clear Water,Floating Leaves (100%),,,11:09 AM,7/16/24,,,,,,,
Elver Park ,Sampling Area,Turbid Brown,Floating Leaves (5%),,,11:32 AM,7/16/24,,,,,,,
Elver Park ,Outlet,Turbid Brown,Floating Leaves (100%),,Flowing Water,11:32 AM,7/16/24,,,,,,,
Elver Park ,Inlet,Turbid Brown,Floating Leaves (80%),,,11:32 AM,7/16/24,,,,,,,
Greentree Park,Sampling Area,Clear Water,Floating Leaves (5%),,,11:59 AM,7/16/24,,,,,,,
Greentree Park,Outlet,Clear Water,Floating Leaves (100%),,Flowing Water,11:59 AM,7/16/24,,,,,,,
Greentree Park,Inlet,Clear Water,Floating Leaves (100%),,,11:59 AM,7/16/24,,,,,,,
Marion-Dunn,Sampling Area,Clear Water,NA,,,12:53 PM,7/16/24,,,,,,,
Marion-Dunn,Outlet,Clear Water,NA,,,12:53 PM,7/16/24,,,,,,,
Marion-Dunn,Inlet,Clear Water,NA,,,12:53 PM,7/16/24,,,,,,,
Manitou Pond,Sampling Area,Turbid Green,NA,,,1:08 PM,7/16/24,,,,,,,
Manitou Pond,Outlet,Turbid Green,NA,,Flowing Water,1:08 PM,7/16/24,,,,,,,
Manitou Pond,Inlet,Turbid Green,NA,,,1:08 PM,7/16/24,,,,,,,
Mad City ,Sampling Area,Clear Water,,,,2:02 PM,7/16/24,,,,,,,
Mad City ,Outlet,Clear Water,,,,2:02 PM,7/16/24,,,,,,,
Mad City ,Inlet,Clear Water,,,,2:02 PM,7/16/24,,,,,,,
Baxter Park,Sampling Area,Clear Water,NA,,,2:44 PM,7/16/24,,,,,,,
Baxter Park,Outlet,Clear Water,NA,,,2:44 PM,7/16/24,,,,,,,
Baxter Park,Inlet,Clear Water,NA,,,2:44 PM,7/16/24,,,,,,,
Dobson A22,Sampling Area,Clear Water,SS (50%)   ,,,3:15 PM,7/16/24,,,,,,,
Dobson A22,Outlet,Clear Water,NA,,No Water,3:15 PM,7/16/24,,,,,,,
Dobson A22,Inlet,Clear Water,NA,,,3:15 PM,7/16/24,,,,,,,
Dobson A5,Sampling Area,Turbid Brown,SS (2%),,,3:38 PM,7/16/24,,,,,,,
Dobson A5,Outlet,Turbid Brown,SS (10%),,Flowing Water,3:38 PM,7/16/24,,,,,,,
Dobson A5,Inlet,Turbid Brown,NA,,,3:38 PM,7/16/24,,,,,,,
Dobson A4,Sampling Area,Turbid Green,NA,,,3:58 PM,7/16/24,,,,,,,
Dobson A4,Outlet,Turbid Green,NA,,,3:58 PM,7/16/24,,,,,,,
Dobson A4,Inlet,Turbid Green,NA,,,3:58 PM,7/16/24,,,,,,,
Door Creek,Sampling Area,Turbid Brown,SS (10%),,,4:15 PM,7/16/24,,,,,,,
Door Creek,Outlet,Turbid Brown,SS (100%),,,4:15 PM,7/16/24,,,,,,,
Door Creek,Inlet,Turbid Brown,SS (100%),,,4:15 PM,7/16/24,,,,,,,
Commerical Ave,Sampling Area,Clear Water,NA,,,4:45 PM,7/16/24,,,,,,,
Commerical Ave,Outlet,Clear Water,NA,,,4:45 PM,7/16/24,,,,,,,
Commerical Ave,Inlet,Clear Water,NA,,,4:45 PM,7/16/24,,,,,,,
Pond Name,,Water Color,% Algae and cover type,Flow (sec/L),Water Conditions,Time,Date,,,,,,,
Marion-Dunn,Sampling Area,Turbid Brown,NA,,,1:02 PM,7/19/24,,,,,,,
Marion-Dunn,Outlet,Turbid Brown,NA,,No Water,1:02 PM,7/19/24,,,,,,,
Marion-Dunn,Inlet,Turbid Brown,NA,,,1:02 PM,7/19/24,,,,,,,
Manitou Pond,Sampling Area,Turbid Green,NA,,,1:55 PM,7/19/24,,,,,,,
Manitou Pond,Outlet,Turbid Green,NA,,Flowing Water,1:55 PM,7/19/24,,,,,,,
Manitou Pond,Inlet,Turbid Green,NA,,,1:55 PM,7/19/24,,,,,,,
Dobson A5,Sampling Area,Turbid Brown,NA,,,3:17 PM,7/19/24,,,,,,,
Dobson A5,Outlet,Turbid Brown,NA,,Flowing Water,3:17 PM,7/19/24,,,,,,,
Dobson A5,Inlet,Turbid Brown,NA,,,3:17 PM,7/19/24,,,,,,,
Pond Name,,Water Color,% Algae and cover type,Flow (sec/L),Water Conditions,Time,Date,,,,,,,
Lot 60,Sampling Area,Clear Water,,,,8:35 AM,7/24/24,,,,,,,
Lot 60,Outlet,Clear Water,,,Still Water,8:35 AM,7/24/24,,,,,,,
Lot 60,Inlet,Clear Water,,,,8:35 AM,7/24/24,,,,,,,
Hospital Pond,Sampling Area,Clear Water,"Lilypads (10%), SS (5%)",,,8:52 AM,7/24/24,,,,,,,
Hospital Pond,Outlet,Clear Water,"Lilypads (50%), SS (20%)",,Still Water,8:52 AM,7/24/24,*All inlets/outlets submerged,,,,,,
Hospital Pond,Inlet,Clear Water,Lilypads (50%),,,8:52 AM,7/24/24,,,,,,,
Garner Park,Sampling Area,Clear Water,SS (20%),,,9:30 AM,7/24/24,,,,,,,
Garner Park,Outlet,Clear Water,SS (100%),0.5,Flowing Water,9:30 AM,7/24/24,,,,,,,
Garner Park,Inlet,Clear Water,SS (70%),,,9:30 AM,7/24/24,,,,,,,
Dobson A7,Sampling Area,Turbid Brown,NA,,,9:54 AM,7/24/24,,,,,,,
Dobson A7,Outlet,Turbid Brown,NA,5.414,Flowing Water,9:54 AM,7/24/24,"*Took simple velocity measurements, estimate time in seconds to get 11'2""",,,,,,
Dobson A7,Inlet,Turbid Brown,NA,,,9:54 AM,7/24/24,,,,,,,
Owen Park,Sampling Area,Turbid Brown,Lilypads (50%),,,10:19 AM,7/24/24,,,,,,,
Owen Park,Outlet,Turbid Brown,NA,,No Water,10:19 AM,7/24/24,,,,,,,
Owen Park,Inlet,Turbid Brown,NA,,,10:19 AM,7/24/24,,,,,,,
Dobson A8,Sampling Area,Clear Water,Floating Leaves (20%),,,10:43 AM,7/24/24,,,,,,,
Dobson A8,Outlet,Clear Water,Floating Leaves (100%),,Flowing Water,10:43 AM,7/24/24,,,,,,,
Dobson A8,Inlet,Clear Water,,,,10:43 AM,7/24/24,,,,,,,
Midtown Park,Sampling Area,Turbid Brown,Floating Leaves (10%),,,11:07 AM,7/24/24,,,,,,,
Midtown Park,Outlet,Turbid Brown,Floating Leaves (100%),,Flowing Water,11:07 AM,7/24/24,,,,,,,
Midtown Park,Inlet,Turbid Brown,Floating Leaves (100%),,,11:07 AM,7/24/24,,,,,,,
Elver Park ,Sampling Area,Clear Water,Floating Leaves (10%),,,11:20 AM,7/24/24,,,,,,,
Elver Park ,Outlet,Clear Water,Floating Leaves (100%),,Flowing Water,11:20 AM,7/24/24,,,,,,,
Elver Park ,Inlet,Clear Water,Floating Leaves (30%),,,11:20 AM,7/24/24,,,,,,,
Greentree Park,Sampling Area,Clear Water,Floating Leaves (10%),,,11:45 AM,7/24/24,,,,,,,
Greentree Park,Outlet,Clear Water,Floating Leaves (50%),Very slowly,Flowing Water,11:45 AM,7/24/24,,,,,,,
Greentree Park,Inlet,Clear Water,NA,,,11:45 AM,7/24/24,,,,,,,
Marion-Dunn,Sampling Area,Clear Water,NA,,,12:27 PM,7/24/24,,,,,,,
Marion-Dunn,Outlet,Clear Water,NA,,Flowing Water,12:27 PM,7/24/24,"*Could hear flowing, didn't walk over to outlet",,,,,,
Marion-Dunn,Inlet,Clear Water,NA,,,12:27 PM,7/24/24,,,,,,,
Manitou Pond,Sampling Area,Turbid Green,NA,,,12:43 PM,7/24/24,,,,,,,
Manitou Pond,Outlet,Turbid Green,NA,,Flowing Water,12:43 PM,7/24/24,,,,,,,
Manitou Pond,Inlet,Turbid Green,NA,,,12:43 PM,7/24/24,,,,,,,
Mad City ,Sampling Area,Clear Water,SS (10%),,,1:08 PM,7/24/24,,,,,,,
Mad City ,Outlet,Clear Water,NA,,Flowing Water?,1:08 PM,7/24/24,*Saw stream in arb farther from the pond,,,,,,
Mad City ,Inlet,Clear Water,NA,,,1:08 PM,7/24/24,,,,,,,
Baxter Park,Sampling Area,Clear Water,NA,,,1:58 PM,7/24/24,,,,,,,
Baxter Park,Outlet,Clear Water,NA,,,1:58 PM,7/24/24,,,,,,,
Baxter Park,Inlet,Clear Water,NA,,,1:58 PM,7/24/24,,,,,,,
Dobson A22,Sampling Area,Clear Water,NA,,,2:24 PM,7/24/24,,,,,,,
Dobson A22,Outlet,Clear Water,NA,,No Water (at OL I usually check),2:24 PM,7/24/24,,,,,,,
Dobson A22,Inlet,Clear Water,NA,,,2:24 PM,7/24/24,,,,,,,
Dobson A5,Sampling Area,Clear Water,NA,,,2:41 PM,7/24/24,,,,,,,
Dobson A5,Outlet,Clear Water,NA,,Flowing Water,2:41 PM,7/24/24,,,,,,,
Dobson A5,Inlet,Clear Water,NA,,,2:41 PM,7/24/24,,,,,,,
Dobson A4,Sampling Area,Turbid Green,NA,,,3:12 PM,7/24/24,,,,,,,
Dobson A4,Outlet,Turbid Green,NA,,,3:12 PM,7/24/24,,,,,,,
Dobson A4,Inlet,Turbid Green,NA,,,3:12 PM,7/24/24,,,,,,,
Door Creek,Sampling Area,Clear Water,SS (50%)   ,,,3:30 PM,7/24/24,,,,,,,
Door Creek,Outlet,Clear Water,SS (100%),,,3:30 PM,7/24/24,,,,,,,
Door Creek,Inlet,Clear Water,SS (100%),,,3:30 PM,7/24/24,,,,,,,
Commerical Ave,Sampling Area,Turbid Brown,NA,,,3:58 PM,7/24/24,,,,,,,
Commerical Ave,Outlet,Turbid Brown,NA,,,3:58 PM,7/24/24,,,,,,,
Commerical Ave,Inlet,Turbid Brown,NA,,,3:58 PM,7/24/24,,,,,,,
Pond Name,,Water Color,% Algae and cover type,Flow (sec/L),Water Conditions,Time,Date,,,,,,,
Lot 60,Sampling Area,Turbid Brown,Duckweed (60%),,,8:27 AM,7/30/24,,,,,,,
Lot 60,Outlet,Turbid Brown,NA,,,8:27 AM,7/30/24,,,,,,,
Lot 60,Inlet,Turbid Brown,NA,,,8:27 AM,7/30/24,,,,,,,
Hospital Pond,Sampling Area,Turbid Brown,"SS (30%), LP (5%)",,,9:04 AM,7/30/24,,,,,,,
Hospital Pond,Outlet,Turbid Brown,SS (90%),,Still Water,9:04 AM,7/30/24,,,,,,,
Hospital Pond,Inlet,Turbid Brown,Lilypads (50%),,,9:04 AM,7/30/24,,,,,,,
Garner Park,Sampling Area,Clear Water,SS (20%),,,9:37 AM,7/30/24,,,,,,,
Garner Park,Outlet,Clear Water,SS (100%),,Flowing Water,9:37 AM,7/30/24,,,,,,,
Garner Park,Inlet,Clear Water,SS (50%)   ,,,9:37 AM,7/30/24,,,,,,,
Dobson A7,Sampling Area,Turbid Brown,NA,,,10:03 AM,7/30/24,,,,,,,
Dobson A7,Outlet,Turbid Brown,NA,,,10:03 AM,7/30/24,,,,,,,
Dobson A7,Inlet,Turbid Brown,NA,,,10:03 AM,7/30/24,,,,,,,
Owen Park,Sampling Area,Turbid Brown,Lilypads (60%),,,10:20 AM,7/30/24,,,,,,,
Owen Park,Outlet,Turbid Brown,NA,,No Water,10:20 AM,7/30/24,,,,,,,
Owen Park,Inlet,Turbid Brown,NA,,,10:20 AM,7/30/24,,,,,,,
Dobson A8,Sampling Area,Clear Water,Floating Leaves (30%),,,10:58 AM,7/30/24,,,,,,,
Dobson A8,Outlet,Clear Water,NA,,,10:58 AM,7/30/24,,,,,,,
Dobson A8,Inlet,Clear Water,NA,,,10:58 AM,7/30/24,,,,,,,
Midtown Park,Sampling Area,Clear Water,"SS (20%), Floating Leaves (10%)",,,11:12 AM,7/30/24,,,,,,,
Midtown Park,Outlet,Clear Water,Floating Leaves (100%),,,11:12 AM,7/30/24,,,,,,,
Midtown Park,Inlet,Clear Water,Floating Leaves (100%),,,11:12 AM,7/30/24,,,,,,,
Elver Park ,Sampling Area,Turbid Brown,Floating Leaves (10%),,,11:42 AM,7/30/24,,,,,,,
Elver Park ,Outlet,Turbid Brown,Floating Leaves (100%),,,11:42 AM,7/30/24,,,,,,,
Elver Park ,Inlet,Turbid Brown,Floating Leaves (80%),,,11:42 AM,7/30/24,,,,,,,
Greentree Park,Sampling Area,Turbid Brown,Floating Leaves (10%),,,12:10 PM,7/30/24,,,,,,,
Greentree Park,Outlet,Turbid Brown,Floating Leaves (60%),,,12:10 PM,7/30/24,,,,,,,
Greentree Park,Inlet,Turbid Brown,Floating Leaves (100%),,,12:10 PM,7/30/24,,,,,,,
Marion-Dunn,Sampling Area,Turbid Brown,SS (5%),,,1:00 PM,7/30/24,,,,,,,
Marion-Dunn,Outlet,Turbid Brown,NA,,,1:00 PM,7/30/24,,,,,,,
Marion-Dunn,Inlet,Turbid Brown,NA,,,1:00 PM,7/30/24,,,,,,,
Manitou Pond,Sampling Area,Turbid Green,NA,,,1:20 PM,7/30/24,,,,,,,
Manitou Pond,Outlet,Turbid Green,NA,,Flowing Water,1:20 PM,7/30/24,,,,,,,
Manitou Pond,Inlet,Turbid Green,NA,,,1:20 PM,7/30/24,,,,,,,
Mad City ,Sampling Area,Turbid Brown,SS (10%),,,1:46 PM,7/30/24,,,,,,,
Mad City ,Outlet,Turbid Brown,SS (100%),,,1:46 PM,7/30/24,,,,,,,
Mad City ,Inlet,Turbid Brown,NA,,,1:46 PM,7/30/24,,,,,,,
Baxter Park,Sampling Area,Turbid Brown,NA,,,2:28 PM,7/30/24,,,,,,,
Baxter Park,Outlet,Turbid Brown,NA,,,2:28 PM,7/30/24,,,,,,,
Baxter Park,Inlet,Turbid Brown,NA,,,2:28 PM,7/30/24,,,,,,,
Dobson A22,Sampling Area,Clear Water,NA,,,3:10 PM,7/30/24,,,,,,,
Dobson A22,Outlet,Clear Water,NA,,No Water,3:10 PM,7/30/24,,,,,,,
Dobson A22,Inlet,Clear Water,NA,,,3:10 PM,7/30/24,,,,,,,
Dobson A5,Sampling Area,Clear Water,NA,,,3:38 PM,7/30/24,,,,,,,
Dobson A5,Outlet,Clear Water,NA,,Flowing Water,3:38 PM,7/30/24,*Little things floating in water,,,,,,
Dobson A5,Inlet,Clear Water,NA,,,3:38 PM,7/30/24,,,,,,,
Dobson A4,Sampling Area,Turbid Green,NA,,,3:55 PM,7/30/24,,,,,,,
Dobson A4,Outlet,Turbid Green,NA,,Still Water,3:55 PM,7/30/24,,,,,,,
Dobson A4,Inlet,Turbid Green,NA,,,3:55 PM,7/30/24,,,,,,,
Door Creek,Sampling Area,Turbid Brown,SS (60%),,,4:15 PM,7/30/24,,,,,,,
Door Creek,Outlet,Turbid Brown,SS (100%),,Still Water--slowly flowing at back,4:15 PM,7/30/24,,,,,,,
Door Creek,Inlet,Turbid Brown,SS (100%),,,4:15 PM,7/30/24,,,,,,,
Commerical Ave,Sampling Area,Turbid Brown,NA,,,4:54 PM,7/30/24,,,,,,,
Commerical Ave,Outlet,Turbid Brown,NA,,No Water,4:54 PM,7/30/24,,,,,,,
Commerical Ave,Inlet,Turbid Brown,NA,,,4:54 PM,7/30/24,,,,,,,
,,,,,,,,,,,,,,
,,,,,,,,,,,,,,
,,,,,,,,,,,,,,
,,,,,,,,,,,,,,
,,,,,,,,,,,,,,
,,,,,,,,,,,,,,
,,,,,,,,,,,,,,
,,,,,,,,,,,,,,
,,,,,,,,,,,,,,
,,,,,,,,,,,,,,
,,,,,,,,,,,,,,
,,,,,,,,,,,,,,
,,,,,,,,,,,,,,
,,,,,,,,,,,,,,
,,,,,,,,,,,,,,
,,,,,,,,,,,,,,
,,,,,,,,,,,,,,
,,,,,,,,,,,,,,
,,,,,,,,,,,,,,
,,,,,,,,,,,,,,
,,,,,,,,,,,,,,
,,,,,,,,,,,,,,
,,,,,,,,,,,,,,
,,,,,,,,,,,,,,
,,,,,,,,,,,,,,
,,,,,,,,,,,,,,
,,,,,,,,,,,,,,
,,,,,,,,,,,,,,
,,,,,,,,,,,,,,
,,,,,,,,,,,,,,
,,,,,,,,,,,,,,
,,,,,,,,,,,,,,
,,,,,,,,,,,,,,
,,,,,,,,,,,,,,
,,,,,,,,,,,,,,
,,,,,,,,,,,,,,
,,,,,,,,,,,,,,
,,,,,,,,,,,,,,
,,,,,,,,,,,,,,
,,,,,,,,,,,,,,
,,,,,,,,,,,,,,
,,,,,,,,,,,,,,
,,,,,,,,,,,,,,
,,,,,,,,,,,,,,
,,,,,,,,,,,,,,
,,,,,,,,,,,,,,
,,,,,,,,,,,,,,
,,,,,,,,,,,,,,
,,,,,,,,,,,,,,
,,,,,,,,,,,,,,
,,,,,,,,,,,,,,
,,,,,,,,,,,,,,
,,,,,,,,,,,,,,
,,,,,,,,,,,,,,
,,,,,,,,,,,,,,
,,,,,,,,,,,,,,
,,,,,,,,,,,,,,
,,,,,,,,,,,,,,
,,,,,,,,,,,,,,
,,,,,,,,,,,,,,
,,,,,,,,,,,,,,
,,,,,,,,,,,,,,
,,,,,,,,,,,,,,
,,,,,,,,,,,,,,
,,,,,,,,,,,,,,
,,,,,,,,,,,,,,
,,,,,,,,,,,,,,
,,,,,,,,,,,,,,
,,,,,,,,,,,,,,
,,,,,,,,,,,,,,
,,,,,,,,,,,,,,
,,,,,,,,,,,,,,
,,,,,,,,,,,,,,
,,,,,,,,,,,,,,
,,,,,,,,,,,,,,
,,,,,,,,,,,,,,
,,,,,,,,,,,,,,
,,,,,,,,,,,,,,
,,,,,,,,,,,,,,
,,,,,,,,,,,,,,
,,,,,,,,,,,,,,
,,,,,,,,,,,,,,
,,,,,,,,,,,,,,
,,,,,,,,,,,,,,
,,,,,,,,,,,,,,
,,,,,,,,,,,,,,
,,,,,,,,,,,,,,
,,,,,,,,,,,,,,
,,,,,,,,,,,,,,
,,,,,,,,,,,,,,
,,,,,,,,,,,,,,
,,,,,,,,,,,,,,
,,,,,,,,,,,,,,
,,,,,,,,,,,,,,
,,,,,,,,,,,,,,
,,,,,,,,,,,,,,
,,,,,,,,,,,,,,
,,,,,,,,,,,,,,
,,,,,,,,,,,,,,
,,,,,,,,,,,,,,
,,,,,,,,,,,,,,
,,,,,,,,,,,,,,
,,,,,,,,,,,,,,
,,,,,,,,,,,,,,
,,,,,,,,,,,,,,
,,,,,,,,,,,,,,
,,,,,,,,,,,,,,
,,,,,,,,,,,,,,
,,,,,,,,,,,,,,
,,,,,,,,,,,,,,
,,,,,,,,,,,,,,
,,,,,,,,,,,,,,
,,,,,,,,,,,,,,
,,,,,,,,,,,,,,
,,,,,,,,,,,,,,
,,,,,,,,,,,,,,
,,,,,,,,,,,,,,
,,,,,,,,,,,,,,
,,,,,,,,,,,,,,
,,,,,,,,,,,,,,
,,,,,,,,,,,,,,
,,,,,,,,,,,,,,
,,,,,,,,,,,,,,
,,,,,,,,,,,,,,
,,,,,,,,,,,,,,
,,,,,,,,,,,,,,
,,,,,,,,,,,,,,
,,,,,,,,,,,,,,
,,,,,,,,,,,,,,
,,,,,,,,,,,,,,
,,,,,,,,,,,,,,
,,,,,,,,,,,,,,
,,,,,,,,,,,,,,
,,,,,,,,,,,,,,
,,,,,,,,,,,,,,
,,,,,,,,,,,,,,
,,,,,,,,,,,,,,
,,,,,,,,,,,,,,
,,,,,,,,,,,,,,
,,,,,,,,,,,,,,
,,,,,,,,,,,,,,
,,,,,,,,,,,,,,
,,,,,,,,,,,,,,
,,,,,,,,,,,,,,
,,,,,,,,,,,,,,
,,,,,,,,,,,,,,
,,,,,,,,,,,,,,
,,,,,,,,,,,,,,
,,,,,,,,,,,,,,
,,,,,,,,,,,,,,
,,,,,,,,,,,,,,
,,,,,,,,,,,,,,
,,,,,,,,,,,,,,
,,,,,,,,,,,,,,
,,,,,,,,,,,,,,
,,,,,,,,,,,,,,
,,,,,,,,,,,,,,
,,,,,,,,,,,,,,
,,,,,,,,,,,,,,
,,,,,,,,,,,,,,
,,,,,,,,,,,,,,
,,,,,,,,,,,,,,
,,,,,,,,,,,,,,
,,,,,,,,,,,,,,
,,,,,,,,,,,,,,
,,,,,,,,,,,,,,
,,,,,,,,,,,,,,
,,,,,,,,,,,,,,
,,,,,,,,,,,,,,
,,,,,,,,,,,,,,
,,,,,,,,,,,,,,
,,,,,,,,,,,,,,
,,,,,,,,,,,,,,
,,,,,,,,,,,,,,
,,,,,,,,,,,,,,
,,,,,,,,,,,,,,